iter,queries,old rocks db,ram rocks db, duck db
0,10,0.305076,0.123995,0.188719
0,100,3.01068,1.295355,1.811990
0,1000,29.5996,13.271900,18.016450
0,10000,297.119,141.689500,179.950000
0,100000,2962.54,1310.270000,1800.975000
0,1000000,29947.24,0,0
