iter,queries,old rocks db,ram duck db, ram rocks db
0,10,0.305076,0.0811076,0.218719
0,100,3.01068,0.723981,2.211990
0,1000,29.5996,7.10335,23.016450
0,10000,297.119,70.7468,224.950000
0,100000,2962.54,710.008,2213.975000
0,1000000,29947.24,7075.43,22231.3400
