iter,queries,time
0,10,0.305076
0,100,3.01068
0,1000,29.5996
0,10000,297.119
0,100000,2962.54
0,1000000,29947.24
